DR Number,Date Reported,Date Occurred,Time Occurred,Area ID,Area Name,Reporting District,Crime Code,Crime Code Description,MO Codes,Victim Age,Victim Sex,Victim Descent,Premise Code,Premise Description,Address,Cross Street,Location
191404029,01/01/2019,12/31/2018,2000,14,Pacific,1456,997,TRAFFIC COLLISION,3006 3028 3030 3035 3037 3101 3401 3701 4027,41,F,O,101,STREET,CAMPBELL                     DR,LOUISE                       AV,"(33.9951, -118.4244)"
180225382,12/31/2018,12/31/2018,0215,02,Rampart,0211,997,TRAFFIC COLLISION,3101 3401 3701 3003 3027 3801,37,M,H,101,STREET,VERMONT,SANTA MONICA,"(34.0814, -118.2962)"
180418940,01/07/2019,12/31/2018,1300,04,Hollenbeck,0403,997,TRAFFIC COLLISION,3101 3401 3701 3004 3025 3029,34,M,F,101,STREET,GRIFFIN,MONTECITO,"(34.0953, -118.2019)"
190504030,01/02/2019,12/31/2018,2355,05,Harbor,0514,997,TRAFFIC COLLISION,4025 3036 3004 3026 3029 3101,37,M,W,101,STREET,FIGUEROA                     ST,PACIFIC COAST                HY,"(33.7905, -118.2811)"
190804025,01/01/2019,12/31/2018,1905,08,West LA,0898,997,TRAFFIC COLLISION,3006 3028 3030 3035 3037 3101 3401 3701 4027,26,F,W,101,STREET,NATIONAL                     BL,DURANGO                      AV,"(34.0313, -118.3933)"
191104179,01/03/2019,12/31/2018,2130,11,Northeast,1127,997,TRAFFIC COLLISION,3101 3401 3701 3006 3030,40,F,H,101,STREET,6400 N  FIGUEROA                     ST,,"(34.12, -118.1893)"
181523653,12/31/2018,12/31/2018,0200,15,N Hollywood,1555,997,TRAFFIC COLLISION,3003 3037 3028 3030 3101 3401 3701 4026,52,M,H,101,STREET,HESBY,FAIR,"(34.1619, -118.3746)"
181325240,12/31/2018,12/31/2018,1800,13,Newton,1394,997,TRAFFIC COLLISION,3101 3401 3701 3006 3030 3032,18,F,H,101,STREET,6800 S  MAIN                         ST,,"(33.9779, -118.2739)"
190104016,12/31/2018,12/31/2018,1100,01,Central,0195,997,TRAFFIC COLLISION,3401 3701 3004 3030 3101,37,M,H,101,STREET,15TH                         ST,MAIN                         ST,"(34.0343, -118.262)"
190504012,12/31/2018,12/31/2018,0440,05,Harbor,0529,997,TRAFFIC COLLISION,0605 3037 3004 3026 3101,25,F,H,101,STREET,ANAHEIM                      ST,MCDONOUGH                    AV,"(33.7819, -118.2314)"
192104056,01/02/2019,12/31/2018,2000,21,Topanga,2177,997,TRAFFIC COLLISION,3004 3030 3028 3037 3101 3401 3701 4010,60,F,O,101,STREET,BURBANK                      BL,W  OWENSMOUTH                   AV,"(34.172, -118.6049)"
192004326,01/08/2019,12/31/2018,1900,20,Olympic,2069,997,TRAFFIC COLLISION,3004 3026 3029 3035 3037 3104 3401 3701 4020,29,M,H,101,STREET,HOOVER                       AV,PICO                         BL,"(34.0473, -118.2842)"
191804038,12/31/2018,12/31/2018,0820,18,Southeast,1837,997,TRAFFIC COLLISION,4018 3004 3036 3026 3003 3101,51,M,H,101,STREET,1600 E  IMPERIAL                     HY,,"(33.9363, -118.2426)"
191904096,12/31/2018,12/31/2018,1845,19,Mission,1985,997,TRAFFIC COLLISION,,43,F,H,101,STREET,CHASE                        ST,WAKEFIELD                    AV,"(34.2249, -118.444)"
191804146,12/31/2018,12/31/2018,2140,18,Southeast,1801,997,TRAFFIC COLLISION,4025 3037 3004 3030 3101,42,M,H,101,STREET,88TH                         ST,BARING CROSS,"(33.958, -118.2893)"
191804017,01/01/2019,12/31/2018,1750,18,Southeast,1846,997,TRAFFIC COLLISION,4025 3037 3003 3024 3101,34,M,B,101,STREET,PARMELEE                     AV,IMPERIAL                     HY,"(33.9323, -118.2502)"
191904069,12/31/2018,12/31/2018,0935,19,Mission,1935,997,TRAFFIC COLLISION,3004 3036 3026 3101 3401 3701 4019,45,M,H,101,STREET,SHARP,SAN FERNANDO                 BL,"(34.2752, -118.4603)"
191904097,12/31/2018,12/31/2018,0250,19,Mission,1921,997,TRAFFIC COLLISION,3004 3036 3030 3028 3101 3401 3701 4019,32,M,X,101,STREET,TELFAIR                      AV,NURMI                        ST,"(34.2973, -118.4636)"
191904124,12/31/2018,12/31/2018,0900,19,Mission,1959,997,TRAFFIC COLLISION,3006 3025 3101 3401 3701 4019 3037,,M,W,101,STREET,VAN NUYS,VENA,"(34.2552, -118.4371)"
191804036,12/31/2018,12/31/2018,2210,18,Southeast,1834,997,TRAFFIC COLLISION,4025 3037 3008 3025 3101,20,F,H,101,STREET,AVALON                       BL,106TH                        ST,"(33.9402, -118.2652)"
191804037,12/31/2018,12/31/2018,2000,18,Southeast,1864,997,TRAFFIC COLLISION,4025 3036 3004 3030 3101,37,M,H,101,STREET,CENTRAL,BELHAVEN                     AV,"(33.927, -118.258)"
191604075,12/31/2018,12/31/2018,1529,16,Foothill,1653,997,TRAFFIC COLLISION,3004 3037 3026 3101 3401 3701 4016,25,M,B,101,STREET,SAN FERNANDO,KAMLOOPS,"(34.2557, -118.4111)"
191704145,12/31/2018,12/31/2018,1810,17,Devonshire,1766,997,TRAFFIC COLLISION,1501 3004 3036 3026 3101 3401 3701 4017,21,F,H,101,STREET,WILBUR                       AV,LASSEN                       ST,"(34.25, -118.5448)"
191704163,12/31/2018,12/31/2018,1445,17,Devonshire,1745,997,TRAFFIC COLLISION,1501 3004 3036 3030 3028 3101 3401 3701 4017,90,F,W,101,STREET,DEVONSHIRE,WHITE OAK,"(34.2576, -118.5198)"
191604076,12/31/2018,12/31/2018,1210,16,Foothill,1675,997,TRAFFIC COLLISION,3009 3036 3026 3101 3401 3701 4016,28,M,W,101,STREET,GLENOAKS,RANDALL,"(34.2375, -118.3745)"
191704165,01/01/2019,12/31/2018,1600,17,Devonshire,1796,997,TRAFFIC COLLISION,1501 3006 3030 3028 3101 3401 3701 4017 3037,69,M,O,101,STREET,16700    GRESHAM                      ST,,"(34.2303, -118.4971)"
191704004,12/31/2018,12/31/2018,2230,17,Devonshire,1764,997,TRAFFIC COLLISION,,,X,X,101,STREET,NORDHOFF                     PL,NORDHOFF                     WY,"(34.2351, -118.5562)"
191504035,01/01/2019,12/31/2018,1245,15,N Hollywood,1508,997,TRAFFIC COLLISION,3004 3037 3025 3101 3401 3701 4015,22,F,H,101,STREET,VINELAND                     AV,SATICOY                      ST,"(34.2085, -118.3703)"
191504001,01/01/2019,12/31/2018,1825,15,N Hollywood,1538,997,TRAFFIC COLLISION,3004 3037 3026 3101 3401 3701 4026,33,M,H,101,STREET,HATTERAS                     ST,VINELAND                     AV,"(34.1758, -118.3703)"
191404024,12/31/2018,12/31/2018,1625,14,Pacific,1465,997,TRAFFIC COLLISION,3004 3025 3035 3036 3101 3401 3701 4014,34,M,W,101,STREET,JEFFERSON                    BL,405                          FY,"(33.9877, -118.3992)"
191404150,01/02/2019,12/31/2018,1000,14,Pacific,1464,997,TRAFFIC COLLISION,3006 3028 3030 3035 3037 3102 3401 3701 4027,42,X,X,101,STREET,12700 W  JEFFERSON                    BL,,"(33.9793, -118.4138)"
191304124,01/03/2019,12/31/2018,1430,13,Newton,1317,997,TRAFFIC COLLISION,3004 3101 3401 3701 3030,24,M,B,101,STREET,14TH                         ST,CENTRAL                      AV,"(34.0284, -118.2469)"
191404016,01/01/2019,12/31/2018,2325,14,Pacific,1444,997,TRAFFIC COLLISION,3006 3028 3030 3035 3037 3102 3401 3701 4027,42,M,O,101,STREET,LINCOLN                      BL,WASHINGTON                   BL,"(33.9857, -118.4435)"
191404005,12/31/2018,12/31/2018,1645,14,Pacific,1497,997,TRAFFIC COLLISION,3035 3004 3026 3037 3101 3401 3701 4014,23,F,B,101,STREET,AVIATION                     BL,CENTURY                      BL,"(33.9455, -118.3785)"
191404023,12/31/2018,12/31/2018,1900,14,Pacific,1409,997,TRAFFIC COLLISION,3006 3028 3030 3035 3037 3101 3401 3701 4027,34,F,W,101,STREET,3300    ROBERTSON                    PL,,"(34.0285, -118.392)"
191404154,12/31/2018,12/31/2018,1400,14,Pacific,1444,997,TRAFFIC COLLISION,3006 3028 3030 3035 3037 3101 3401 3701 4014,27,F,W,101,STREET,LINCOLN                      BL,MARINA POINTE                DR,"(33.9857, -118.4435)"
191204018,12/31/2018,12/31/2018,1950,12,77th Street,1209,997,TRAFFIC COLLISION,0605 4012 3037 3004 3024 3101,20,M,H,101,STREET,FIGUEROA                     ST,49TH                         ST,"(33.9988, -118.2827)"
191204319,01/05/2019,12/31/2018,1915,12,77th Street,1245,997,TRAFFIC COLLISION,4025 3037 3004 3028 3101,58,F,H,101,STREET,67TH                         ST,NORMANDIE                    AV,"(33.9785, -118.3003)"
191204009,12/31/2018,12/31/2018,1720,12,77th Street,1245,997,TRAFFIC COLLISION,3004 3028 3030 3101 4012 0605,40,M,B,101,STREET,VERMONT                      AV,FLORENCE                     AV,"(33.9746, -118.2918)"
191204079,12/31/2018,12/31/2018,1953,12,77th Street,1208,997,TRAFFIC COLLISION,3006 3028 3030 3101 4012 0605,28,M,B,101,STREET,W  50TH                         ST,FIGUEROA,"(33.9974, -118.2827)"
191204080,12/31/2018,12/31/2018,1950,12,77th Street,1207,997,TRAFFIC COLLISION,3006 3028 3030 3101 4012 0605,,X,X,101,STREET,VERMONT                      AV,48TH                         ST,"(33.9996, -118.2915)"
191204211,12/31/2018,12/31/2018,1900,12,77th Street,1268,997,TRAFFIC COLLISION,3004 3028 3030 3101 4012 0605,,F,X,101,STREET,MAIN,81ST                         ST,"(33.9662, -118.2739)"
191204045,12/31/2018,12/31/2018,2018,12,77th Street,1235,997,TRAFFIC COLLISION,4012 3036 3003 3026 3101 0605,56,M,B,101,STREET,SLAUSON,NORMANDIE,"(33.9892, -118.3002)"
191204010,12/31/2018,12/31/2018,1500,12,77th Street,1215,997,TRAFFIC COLLISION,3004 3028 3030 3101 4012 0605,25,F,H,101,STREET,57TH                         ST,VERMONT                      AV,"(33.9905, -118.2915)"
191004002,01/01/2019,12/31/2018,2145,10,West Valley,1025,997,TRAFFIC COLLISION,3008 3024 3036 3101 3401 3701 4026,68,M,W,101,STREET,RESEDA                       BL,SHERMAN                      WY,"(34.2011, -118.536)"
191104017,12/31/2018,12/31/2018,1755,11,Northeast,1141,997,TRAFFIC COLLISION,3004 3101 3401 3701 3026 3036,47,M,H,101,STREET,HOLLYWOOD                    BL,ALEXANDRIA                   AV,"(34.1018, -118.2995)"
191004001,01/01/2019,12/31/2018,2200,10,West Valley,1068,997,TRAFFIC COLLISION,3003 3037 3025 3101 3401 3701 4026,86,M,W,101,STREET,BALBOA                       BL,MCCORMICK                    ST,"(34.1659, -118.5011)"
191104030,01/01/2019,12/31/2018,1435,11,Northeast,1123,997,TRAFFIC COLLISION,3101 3401 3701 3006,56,M,O,101,STREET,RIVERSIDE                    DR,RIVERSIDE                    TR,"(34.1207, -118.2641)"
191004043,01/02/2019,12/31/2018,2015,10,West Valley,1004,997,TRAFFIC COLLISION,3004 3026 3101 3401 3701 4010 3602 3036,22,M,O,101,STREET,ROSCOE                       BL,LINDLEY                      AV,"(34.2208, -118.5274)"
191104031,01/01/2019,12/31/2018,2010,11,Northeast,1171,997,TRAFFIC COLLISION,3101 3401 3701 3011 3026 3036,,X,X,101,STREET,SUNSET                       BL,LUCILE                       AV,"(34.091, -118.2788)"
191104001,01/01/2019,12/31/2018,1945,11,Northeast,1135,997,TRAFFIC COLLISION,3101 3401 3701 3011 3034,72,M,H,101,STREET,RODERICK                     RD,VERDUGO                      RD,"(34.1216, -118.2301)"
191104039,01/01/2019,12/31/2018,1900,11,Northeast,1115,997,TRAFFIC COLLISION,3101 3401 3701 3006 3030,29,M,H,101,STREET,CHICKASAW                    AV,TOWNSEND                     AV,"(34.1378, -118.2015)"
191104327,01/07/2019,12/31/2018,1220,11,Northeast,1126,997,TRAFFIC COLLISION,3101 3401 3701 3003 3026,62,M,H,101,STREET,AVENUE 55,YORK                         BL,"(34.1197, -118.1982)"
190904001,01/01/2019,12/31/2018,1310,09,Van Nuys,0932,997,TRAFFIC COLLISION,3004 3037 3029 3025 3101 3401 3701 4009,31,M,O,101,STREET,VICTORY                      BL,SEPULVEDA                    BL,"(34.1867, -118.4662)"
190804074,12/31/2018,12/31/2018,1515,08,West LA,0899,997,TRAFFIC COLLISION,3004 3025 3035 3036 3101 3401 3701 4008,54,F,O,101,STREET,NATIONAL                     BL,ROBERTSON                    BL,"(34.0329, -118.3832)"
190804059,01/02/2019,12/31/2018,1745,08,West LA,0841,997,TRAFFIC COLLISION,3008 3024 3035 3037 3101 3401 3701 4027,63,F,A,101,STREET,WILSHIRE                     BL,BROCKTON                     AV,"(34.046, -118.4652)"
190804030,01/01/2019,12/31/2018,1440,08,West LA,0882,997,TRAFFIC COLLISION,3004 3026 3035 3036 3101 3401 3701 4008,,M,W,101,STREET,PICO                         BL,SAWTELLE                     BL,"(34.0347, -118.4397)"
190704759,12/31/2018,12/31/2018,1517,07,Wilshire,0785,997,TRAFFIC COLLISION,3004 3028 3030 3035 3037 3101 3401 3701 4027,35,F,B,101,STREET,W  WASHINGTON                   BL,RIMPAU,"(34.0399, -118.3435)"
190604354,01/09/2019,12/31/2018,0001,06,Hollywood,0635,997,TRAFFIC COLLISION,3004 3028 3030 3035 3037 3101 3401 3701 4006,42,M,B,101,STREET,N  CAHUENGA                     BL,101 FWY,"(34.1081, -118.3308)"
190504062,12/31/2018,12/31/2018,2145,05,Harbor,0541,997,TRAFFIC COLLISION,,24,F,H,108,PARKING LOT,GAFFEY,CHANNEL,"(33.7538, -118.2923)"
190604001,01/01/2019,12/31/2018,2250,06,Hollywood,0646,997,TRAFFIC COLLISION,3008 3026 3034 3037 3102 3401 3701 4027 3002,31,M,H,101,STREET,SELMA                        AV,CAHUENGA                     BL,"(34.0998, -118.3295)"
190504473,12/31/2018,12/31/2018,1530,05,Harbor,0513,997,TRAFFIC COLLISION,0605,,F,H,101,STREET,ANAHEIM                      ST,VERMONT,"(33.7835, -118.3)"
190604366,01/01/2019,12/31/2018,1900,06,Hollywood,0668,997,TRAFFIC COLLISION,3006 3028 3030 3035 3036 3101 3401 4006 3701,39,M,H,101,STREET,SAINT ANDREWS,LA MIRADA,"(34.0938, -118.3109)"
190504011,01/01/2019,12/31/2018,0850,05,Harbor,0563,997,TRAFFIC COLLISION,4025 3036 3008 3025 3101,29,M,H,101,STREET,GAFFEY                       ST,16TH                         ST,"(33.7297, -118.2924)"
190504015,12/31/2018,12/31/2018,1730,05,Harbor,0529,997,TRAFFIC COLLISION,0605 4005 3036 3004 3026 3025 3101,25,M,O,101,STREET,ANAHEIM                      ST,SAMPSON                      AV,"(33.7817, -118.2334)"
190604111,01/03/2019,12/31/2018,1600,06,Hollywood,0625,997,TRAFFIC COLLISION,3004 3028 3030 3035 3036 3101 3401 3701 4027,34,M,,101,STREET,HIGHLAND                     AV,FRANKLIN                     AV,"(34.1042, -118.3383)"
190404029,01/01/2019,12/31/2018,2330,04,Hollenbeck,0462,997,TRAFFIC COLLISION,3101 3401 3701 3006 3030,25,M,H,101,STREET,BOYLE                        AV,4TH                          ST,"(34.0415, -118.2196)"
190404001,01/01/2019,12/31/2018,1840,04,Hollenbeck,0443,997,TRAFFIC COLLISION,3101 3401 3701 3004 3026 3029,21,F,V,101,STREET,MARENGO                      ST,BRITTANIA                    ST,"(34.0571, -118.2084)"
190304664,12/31/2018,12/31/2018,1715,03,Southwest,0397,997,TRAFFIC COLLISION,3028 3030 3102 3037 3012,,X,X,108,PARKING LOT,MARTIN LUTHER KING JR        BL,NORMANDIE                    AV,"(34.0109, -118.3002)"
190304291,12/31/2018,12/31/2018,1650,03,Southwest,0328,997,TRAFFIC COLLISION,4003 3036 3004 3026 3030 3101,41,F,W,101,STREET,SANTA MONICA                 FY,VERMONT,"(34.0268, -118.2808)"
190304026,12/31/2018,12/31/2018,1445,03,Southwest,0379,997,TRAFFIC COLLISION,,27,M,H,101,STREET,S  BUDLONG,MARTIN LUTHER KING,"(34.0109, -118.2959)"
190204063,12/31/2018,12/31/2018,0600,02,Rampart,0221,997,TRAFFIC COLLISION,3101 3401 3701 3006 3030 0605,,X,X,101,STREET,400 N  NORMANDIE                    AV,,"(34.0777, -118.3004)"
190204055,12/31/2018,12/31/2018,2310,02,Rampart,0256,997,TRAFFIC COLLISION,3101 3401 3701 3004 3030,37,M,H,101,STREET,6TH                          ST,BURLINGTON                   AV,"(34.0579, -118.2711)"
190104022,12/31/2018,12/31/2018,2308,01,Central,0152,997,TRAFFIC COLLISION,3101 3401 3701 3004 3026 3036,32,M,O,101,STREET,HOPE,WILSHIRE,"(34.048, -118.2577)"
190104155,01/03/2019,12/31/2018,1330,01,Central,0119,997,TRAFFIC COLLISION,3101 3401 3701 3006 3034 3032,56,M,B,108,PARKING LOT,500    RAMIREZ                      ST,,"(34.0552, -118.2322)"
182121287,12/31/2018,12/31/2018,1415,21,Topanga,2107,997,TRAFFIC COLLISION,3004 3026 3101 3401 3701 4021 3036,30,M,O,101,STREET,ROSCOE                       BL,DEERING                      AV,"(34.2198, -118.5951)"
182022823,12/31/2018,12/31/2018,1150,20,Olympic,2081,997,TRAFFIC COLLISION,3006 3028 3035 3037 3101 3401 3701 4027,38,M,H,101,STREET,VENICE                       BL,VAN NESS                     AV,"(34.0436, -118.3157)"
182022826,12/31/2018,12/31/2018,1030,20,Olympic,2033,997,TRAFFIC COLLISION,3004 3028 3030 3035 3036 3101 3401 3701 4020,46,M,H,101,STREET,OXFORD                       AV,WILSHIRE                     BL,"(34.0617, -118.3078)"
182022810,12/31/2018,12/31/2018,0200,20,Olympic,2027,997,TRAFFIC COLLISION,3004 3028 3030 3035 3037 3101 3401 3701 4020,57,M,K,101,STREET,S  ALEXANDRIA                   AV,WILSHIRE,"(34.0618, -118.2979)"
182101210,01/01/2019,12/31/2018,1715,21,Topanga,2145,997,TRAFFIC COLLISION,3009 3028 3030 3037 3101 3401 3701 4021,23,M,O,101,STREET,VANOWEN                      ST,TOPANGA CANYON               BL,"(34.1938, -118.6059)"
182022824,12/31/2018,12/31/2018,1245,20,Olympic,2038,997,TRAFFIC COLLISION,3004 3028 3030 3035 3037 3101 3401 3701 4027,48,M,W,101,STREET,VERMONT                      AV,WILSHIRE                     BL,"(34.0618, -118.2916)"
182022825,12/31/2018,12/31/2018,0849,20,Olympic,2033,997,TRAFFIC COLLISION,3011 3028 3030 3035 3037 3101 3401 3701 4027,39,F,H,104,DRIVEWAY,HOBART                       BL,WILSHIRE                     BL,"(34.0617, -118.3053)"
181922663,12/31/2018,12/31/2018,1445,19,Mission,1971,997,TRAFFIC COLLISION,3004 3037 3028 3030 3101 3401 3701 4026,31,F,H,101,STREET,RAYEN                        ST,SEPULVEDA                    BL,"(34.2319, -118.4676)"
181922666,12/31/2018,12/31/2018,1150,19,Mission,1924,997,TRAFFIC COLLISION,3011 3028 3034 3037 3103 3401 3701 4026 3002,,M,W,101,STREET,POLK                         ST,TELFAIR                      AV,"(34.2963, -118.4624)"
181922631,12/31/2018,12/31/2018,0015,19,Mission,1998,997,TRAFFIC COLLISION,4019 3040 3004 3028 3030 3034 3036 3101 3401 3701,21,F,O,101,STREET,WOODMAN                      AV,SATICOY                      ST,"(34.2095, -118.4311)"
181922661,12/31/2018,12/31/2018,1045,19,Mission,1985,997,TRAFFIC COLLISION,3011 3037 3028 3102 3401 3701 4026,40,M,H,101,STREET,VAN NUYS,CHASE,"(34.2248, -118.4488)"
181824993,12/31/2018,12/31/2018,1000,18,Southeast,1842,997,TRAFFIC COLLISION,3026 4025 3036 3004 3101,60,M,B,101,STREET,BROADWAY,110TH                        ST,"(33.9348, -118.2781)"
181720949,12/31/2018,12/31/2018,1800,17,Devonshire,1725,997,TRAFFIC COLLISION,3004 3037 3029 3026 3101 3401 3701 4026,39,F,H,101,STREET,CORBIN                       AV,DEVONSHIRE                   ST,"(34.2573, -118.5635)"
181720950,12/31/2018,12/31/2018,1740,17,Devonshire,1788,997,TRAFFIC COLLISION,3004 3036 3025 3101 3401 3701 4026,45,M,H,101,STREET,BALBOA                       BL,PARTHENIA                    ST,"(34.2285, -118.5026)"
181618183,12/31/2018,12/31/2018,0800,16,Foothill,1618,997,TRAFFIC COLLISION,3006 3037 3039 3028 3101 3401 3701 4026,45,M,W,101,STREET,ELLENBOGEN                   ST,LANGMUIR                     AV,"(34.2714, -118.3087)"
181618200,12/31/2018,12/31/2018,1800,16,Foothill,1695,997,TRAFFIC COLLISION,3004 3036 3025 3101 3401 3701 4026,27,F,H,101,STREET,VINELAND                     AV,KESWICK                      ST,"(34.2103, -118.3703)"
181618199,12/31/2018,12/31/2018,1720,16,Foothill,1621,997,TRAFFIC COLLISION,3003 3029 3025 3101 3401 3701 4026 3036,72,M,H,101,STREET,REMICK                       AV,VAN NUYS                     BL,"(34.2584, -118.4346)"
181618196,12/31/2018,12/31/2018,0430,16,Foothill,1606,997,TRAFFIC COLLISION,3028 3030 3037 3101 3401 3701 4026 3006,48,F,H,101,STREET,GARRICK                      AV,SUNBURST                     ST,"(34.2788, -118.3773)"
181523666,12/31/2018,12/31/2018,1450,15,N Hollywood,1567,997,TRAFFIC COLLISION,3011 3037 3025 3101 3401 3701 4026 3029 3039,30,M,W,101,STREET,VALLEY SPRING                LN,CAHUENGA                     BL,"(34.1468, -118.3615)"
181523671,12/31/2018,12/31/2018,1935,15,N Hollywood,1502,997,TRAFFIC COLLISION,3004 3037 3029 3026 3101 3401 3701 4026,61,F,H,101,STREET,WHITSETT                     AV,SATICOY                      ST,"(34.205, -118.4061)"
181523652,12/31/2018,12/31/2018,0820,15,N Hollywood,1501,997,TRAFFIC COLLISION,3006 3037 3026 3101 3401 3701 4026,25,M,H,101,STREET,SATICOY,ETHEL,"(34.2074, -118.4182)"
181426849,12/31/2018,12/31/2018,0615,14,Pacific,1415,997,TRAFFIC COLLISION,2004 3003 3026 3035 3037 3101 3401 3701 4027,43,M,W,101,STREET,LINCOLN                      BL,COMMONWEALTH                 AV,"(34.0023, -118.4697)"
181426850,12/31/2018,12/31/2018,1330,14,Pacific,1408,997,TRAFFIC COLLISION,3004 3028 3030 3035 3037 3101 3401 3701 4014,81,F,H,101,STREET,CULVER                       BL,VENICE                       BL,"(34.0291, -118.3947)"
181426856,12/31/2018,12/31/2018,1403,14,Pacific,1454,997,TRAFFIC COLLISION,3004 3028 3030 3035 3037 3101 3401 3701 4014,58,M,H,101,STREET,MARINA                       WY,MINDANAO                     WY,"(33.9838, -118.4378)"
181426853,12/31/2018,12/31/2018,1000,14,Pacific,1407,997,TRAFFIC COLLISION,3004 3026 3035 3036 3101 3401 3701 4027,74,M,H,101,STREET,NATIONAL                     BL,PALMS,"(34.0291, -118.4037)"
181426851,12/31/2018,12/31/2018,1130,14,Pacific,1483,997,TRAFFIC COLLISION,3011 3028 3034 3037 3101 3401 3701 4027,,,,101,STREET,STANMOOR                     DR,W  MANCHESTER                   AV,"(33.9598, -118.425)"
181325250,12/31/2018,12/31/2018,1800,13,Newton,1367,997,TRAFFIC COLLISION,3101 3401 3701 3004 3025 3029 1300,24,F,H,101,STREET,COMPTON                      AV,48TH                         ST,"(34.0002, -118.2478)"
181325235,12/31/2018,12/31/2018,1355,13,Newton,1322,997,TRAFFIC COLLISION,3101 3401 3701 3006 3030 3036,40,M,H,101,STREET,24TH                         ST,MAPLE                        ST,"(34.0242, -118.2623)"
181325241,12/31/2018,12/31/2018,1620,13,Newton,1333,997,TRAFFIC COLLISION,3101 3401 3701 3004 3030 3032 1300,25,M,H,101,STREET,700 E  JEFFERSON                    BL,,"(34.0174, -118.2621)"
181325234,12/31/2018,12/31/2018,1355,13,Newton,1344,997,TRAFFIC COLLISION,3101 3401 3701 3004 3026 3602,41,F,H,101,STREET,AVALON,42ND                         ST,"(34.0076, -118.2653)"
181230266,12/31/2018,12/31/2018,1310,12,77th Street,1253,997,TRAFFIC COLLISION,4025 3037 3004 3028 3030 3101,,M,H,101,STREET,FLORENCE                     AV,CIMARRON                     ST,"(33.9746, -118.3159)"
181230235,12/31/2018,12/31/2018,0630,12,77th Street,1266,997,TRAFFIC COLLISION,4025 3037 3002 3028 3101,31,F,B,103,ALLEY,80TH                         ST,HOOVER                       ST,"(33.9667, -118.2871)"
181230262,12/31/2018,12/31/2018,0615,12,77th Street,1218,997,TRAFFIC COLLISION,4025 3036 3004 3026 3029 3101,58,F,H,101,STREET,57TH                         ST,HOOVER                       ST,"(33.9905, -118.2871)"
181230260,12/31/2018,12/31/2018,1125,12,77th Street,1231,997,TRAFFIC COLLISION,4025 3028 3030 3037 3006 3101,69,M,B,101,STREET,64TH                         ST,BUCKLER                      AV,"(33.9817, -118.35)"
181230226,01/02/2019,12/31/2018,2235,12,77th Street,1259,997,TRAFFIC COLLISION,4025 3036 3004 3026 3101,35,F,H,101,STREET,AVALON                       BL,87TH                         ST,"(33.9711, -118.2629)"
181121500,12/31/2018,12/31/2018,0100,11,Northeast,1119,997,TRAFFIC COLLISION,3101 3401 3701 3006 3030,31,F,X,101,STREET,5000    MOUNT HELENA                 AV,,"(34.1389, -118.1954)"
181121475,12/31/2018,12/31/2018,0925,11,Northeast,1124,997,TRAFFIC COLLISION,3101 3401 3701 3004 3030 3036,,M,H,101,STREET,AVENUE 32,DREW                         ST,"(34.1186, -118.245)"
181020586,12/31/2018,12/31/2018,2035,10,West Valley,1008,997,TRAFFIC COLLISION,4026 3038 3004 3037 3101 3401 3701 3026,48,F,H,101,STREET,SATICOY                      ST,BALBOA                       BL,"(34.2084, -118.5011)"
181020582,12/31/2018,12/31/2018,1330,10,West Valley,1044,997,TRAFFIC COLLISION,3004 3036 3026 3101 3401 3701 4010,73,M,W,101,STREET,RESEDA                       BL,CLARK                        ST,"(34.1765, -118.5333)"
181020583,12/31/2018,12/31/2018,1350,10,West Valley,1061,997,TRAFFIC COLLISION,3004 3037 3034 3028 3102 3401 3701 4026,63,F,W,101,STREET,VENTURA                      BL,SHIRLEY                      AV,"(34.1728, -118.5578)"
181020560,12/31/2018,12/31/2018,0623,10,West Valley,1006,997,TRAFFIC COLLISION,3004 3036 3025 3101 3401 3701 4026,65,F,H,101,STREET,STAGG,LOUISE,"(34.2121, -118.5099)"
181020584,12/31/2018,12/31/2018,1855,10,West Valley,1045,997,TRAFFIC COLLISION,3004 3037 3026 3101 3401 3701 4026,33,F,O,101,STREET,BURBANK                      BL,ZELZAH                       AV,"(34.1722, -118.522)"
181020585,12/31/2018,12/31/2018,1305,10,West Valley,1023,997,TRAFFIC COLLISION,3004 3037 3029 3026 3101 3701 4026,29,F,H,101,STREET,SHERMAN                      WY,VANALDEN                     AV,"(34.201, -118.5492)"
181020559,12/31/2018,12/31/2018,0935,10,West Valley,1088,997,TRAFFIC COLLISION,3004 3036 3026 3101 3401 3701 4026,29,M,H,101,STREET,VENTURA                      BL,PETIT                        AV,"(34.1581, -118.496)"
181020581,12/31/2018,12/31/2018,1335,10,West Valley,1063,997,TRAFFIC COLLISION,3011 3037 3034 3028 3102 3401 3701 4026,99,M,W,101,STREET,CLARK                        ST,ETIWANDA                     AV,"(34.1698, -118.5308)"
180922888,12/31/2018,12/31/2018,0955,09,Van Nuys,0905,997,TRAFFIC COLLISION,3004 3037 3025 3101 3401 3701 4026,,M,H,101,STREET,VAN NUYS                     BL,COVELLO,"(34.2072, -118.4488)"
180922897,12/31/2018,12/31/2018,0950,09,Van Nuys,0904,997,TRAFFIC COLLISION,3004 3034 3037 3028 3101 3401 3701 4026,28,M,H,101,STREET,SHERMAN,SEPULVEDA,"(34.2012, -118.4662)"
180922884,12/31/2018,12/31/2018,0623,09,Van Nuys,0964,997,TRAFFIC COLLISION,0605 1402,32,M,H,101,STREET,STERN                        AV,HARTSOOK                     ST,"(34.1639, -118.4345)"
180922876,12/31/2018,12/31/2018,0230,09,Van Nuys,0915,997,TRAFFIC COLLISION,3037 3026 3101 3401 3701 4026 3006 3039 3034,68,X,X,101,STREET,HAZELTINE                    AV,GAULT                        ST,"(34.1994, -118.44)"
180922896,12/31/2018,12/31/2018,0915,09,Van Nuys,0923,997,TRAFFIC COLLISION,3004 3036 3030 3028 3101 3401 3701 4026,35,F,H,101,STREET,GILMORE,KESTER,"(34.1877, -118.4575)"
180922895,12/31/2018,12/31/2018,0850,09,Van Nuys,0905,997,TRAFFIC COLLISION,3004 3037 3034 3026 3101 3401 3701 4026,27,M,H,101,STREET,VALERIO                      ST,VAN NUYS                     BL,"(34.2048, -118.4488)"
180922893,12/31/2018,12/31/2018,0623,09,Van Nuys,0964,997,TRAFFIC COLLISION,3002 3004 3036 3034 3028 3101 3401 3701 4026,32,M,H,101,STREET,HARTSOOK                     ST,STERN                        AV,"(34.1639, -118.4345)"
180922939,12/31/2018,12/31/2018,0850,09,Van Nuys,0926,997,TRAFFIC COLLISION,3004 3030 3028 3037 3101 3401 3701 4009,22,F,H,101,STREET,VANOWEN                      ST,WOODMAN                      AV,"(34.194, -118.4312)"
180821432,12/31/2018,12/31/2018,1015,08,West LA,0898,997,TRAFFIC COLLISION,3004 3025 3035 3036 3101 3401 3701 4027,59,M,B,101,STREET,ROBERTSON                    BL,NATIONAL                     BL,"(34.0312, -118.3909)"
180821433,12/31/2018,12/31/2018,0831,08,West LA,0801,997,TRAFFIC COLLISION,3004 3025 3034 3037 3101 3401 3701 4027,73,M,O,101,STREET,PALISADES                    DR,AVENIDA DE SANTA YNEZ,"(34.0724, -118.5635)"
180821430,12/31/2018,12/31/2018,0925,08,West LA,0824,997,TRAFFIC COLLISION,3004 3026 3035 3037 3101 3401 3701 4027,62,F,W,101,STREET,SUNSET                       BL,BROOKTREE                    RD,"(34.0456, -118.515)"
180722020,12/31/2018,12/31/2018,1050,07,Wilshire,0745,997,TRAFFIC COLLISION,3004 3026 3034 3036 3101 3401 3701 4007,35,M,A,101,STREET,OLYMPIC,LA BREA,"(34.0572, -118.3459)"
180722021,12/31/2018,12/31/2018,0930,07,Wilshire,0783,997,TRAFFIC COLLISION,3006 3028 3030 3035 3037 3101 3401 3701 4027,24,M,H,101,STREET,S  RIDGELEY                     DR,WASHINGTON                   BL,"(34.0398, -118.359)"
180721995,12/31/2018,12/31/2018,0550,07,Wilshire,0764,997,TRAFFIC COLLISION,3011 3028 3030 3034 3037 3101 3401 3701 4027,,F,B,101,STREET,PICO                         BL,DUNSMUIR                     AV,"(34.0483, -118.3538)"
180722017,12/31/2018,12/31/2018,1400,07,Wilshire,0765,997,TRAFFIC COLLISION,3004 3026 3035 3036 3101 3401 3701 4027,25,F,B,101,STREET,LA BREA                      AV,PICO                         BL,"(34.0474, -118.3448)"
180626461,12/31/2018,12/31/2018,1000,06,Hollywood,0645,997,TRAFFIC COLLISION,3006 3028 3030 3035 3037 3101 3401 3701 4027,36,M,B,101,STREET,N  SYCAMORE                     AV,FRANKLIN                     AV,"(34.1041, -118.3433)"
180626460,12/31/2018,12/31/2018,1130,06,Hollywood,0615,997,TRAFFIC COLLISION,3006 3028 3030 3035 3037 3101 3401 3701 4027,31,F,O,101,STREET,LAKE HOLLYWOOD               DR,WONDER VIEW                  DR,"(34.1322, -118.3379)"
180626463,12/31/2018,12/31/2018,1445,06,Hollywood,0625,997,TRAFFIC COLLISION,3004 3025 3035 3036 3101 3401 3701 4027,35,F,B,101,STREET,HIGHLAND,PAT MOORE,"(34.1114, -118.3362)"
180626462,12/31/2018,12/31/2018,1515,06,Hollywood,0666,997,TRAFFIC COLLISION,3006 3028 3030 3035 3037 3101 3401 3701 4027,30,F,W,108,PARKING LOT,SUNSET                       BL,VINE                         ST,"(34.098, -118.3267)"
180520348,12/31/2018,12/31/2018,1600,05,Harbor,0504,997,TRAFFIC COLLISION,4025 3037 3034 3028 3101,42,M,H,101,STREET,FRANCISCO                    ST,HARBORGATE                   WY,"(33.85, -118.3032)"
180520354,12/31/2018,12/31/2018,1830,05,Harbor,0504,997,TRAFFIC COLLISION,4025 3037 3006 3028 3030 3101,40,M,H,101,STREET,207TH                        ST,DENKER,"(33.8429, -118.304)"
180602261,12/31/2018,12/31/2018,2000,06,Hollywood,0666,997,TRAFFIC COLLISION,3006 3035 3037 3101 3401 3701 4006 3026 3029,,,,101,STREET,FOUNTAIN,COLE                         PL,"(34.0944, -118.3305)"
180520345,12/31/2018,12/31/2018,0820,05,Harbor,0528,997,TRAFFIC COLLISION,4025 3036 3004 3026 3101,21,F,H,101,STREET,PACIFIC COAST                HY,WATSON                       AV,"(33.7909, -118.2481)"
180520339,12/31/2018,12/31/2018,0125,05,Harbor,0514,997,TRAFFIC COLLISION,4005 3004 3034 3037 3026 3101 3011,,M,O,101,STREET,PACIFIC COAST                HY,WILMINGTON                   BL,"(33.7904, -118.275)"
180418961,12/31/2018,12/31/2018,1540,04,Hollenbeck,0477,997,TRAFFIC COLLISION,3101 3401 3701 3004 3026 3036 3602,27,F,H,101,STREET,WHITTIER                     BL,EUCLID                       AV,"(34.0307, -118.2074)"
180328496,12/31/2018,12/31/2018,0630,03,Southwest,0331,997,TRAFFIC COLLISION,,38,M,W,101,STREET,36TH                         ST,12TH                         AV,"(34.0283, -118.3492)"
180328505,12/31/2018,12/31/2018,1450,03,Southwest,0326,997,TRAFFIC COLLISION,4025 3037 3003 3024 3101,37,M,H,101,STREET,ADAMS                        BL,KENWOOD                      AV,"(34.0328, -118.2991)"
180225380,12/31/2018,12/31/2018,0210,02,Rampart,0235,997,TRAFFIC COLLISION,3101 3401 3701 3011 3602 3801 3034 3025,20,M,H,101,STREET,CARONDELET                   ST,BEVERLY                      BL,"(34.0687, -118.275)"
180131446,12/31/2018,12/31/2018,0215,01,Central,0185,997,TRAFFIC COLLISION,3101 3401 3701 3006 3801,21,M,H,101,STREET,BROADWAY,OLYMPIC                      BL,"(34.0396, -118.259)"
191704164,12/31/2018,12/31/2018,0900,17,Devonshire,1723,997,TRAFFIC COLLISION,1501 3004 3037 3034 3028 3101 3401 3701 4017,36,M,H,101,STREET,DE SOTO                      AV,CHATSWORTH                   ST,"(34.2645, -118.5886)"
191604125,01/04/2019,12/31/2018,2030,16,Foothill,1623,997,TRAFFIC COLLISION,3006 3030 3028 3037 3101 3401 4026,26,F,H,101,STREET,PIERCE                       ST,LEHIGH                       AV,"(34.2665, -118.4144)"
